https://eiga.k-img.com/images/person/12053/79e59469f059376d/320.jpg?1517372321,1
http://abehiroshi.la.coocan.jp/abe-top2-4.jpg,1
https://dot.asahi.com/S2000/upload/2018052300043_1.jpg,1
https://giwiz-tpc.c.yimg.jp/q/iwiz-tpc/images/story/2018/8/29/1535496710_1535496680_HiroshiAbe_0022-p-s.jpg,1
https://realsound.jp/wp-content/uploads/2018/10/20181008-kenhirai-422x633.jpg,2
https://shop.r10s.jp/book/cabinet/5012/4547366305012.jpg,2
https://pbs.twimg.com/media/DicHZBGVAAAWFoC.jpg,2
https://news.walkerplus.com/article/130827/728656_615.jpg,3
https://stat.ameba.jp/user_images/20180504/23/bochibochi-51244/b2/66/j/o1080108014184104230.jpg,3
https://pbs.twimg.com/profile_images/996720016539058177/co7x_HTp.jpg,4
